<?xml version="1.0" encoding="UTF-8"?>
<soapenv:Envelope xmlns:soapenv="http://schemas.xmlsoap.org/soap/envelope/">
	<soapenv:Body>
		<Create>
			<MOType>NaaS@http://schemas.ericsson.com/ma/CA/NaaS</MOType>
		</Create>
		<Create>
			<MOId>
				<IMSI>8288119</IMSI>
			</MOId>
		</Create>
		<Create>
			<MOId>
				<MSISDN>09001001</MSISDN>
			</MOId>
		</Create>
		<Create>
			<MOAttributes>
				<CreateNaaS>
					<NBPARAM>ababba</NBPARAM>
				</CreateNaaS>
			</MOAttributes>
		</Create>
		<Create>
			<MOAttributes>
				<CreateNaaS>
					<VMPIN>vmpin123</VMPIN>
				</CreateNaaS>
			</MOAttributes>
		</Create>
		<Create>
			<MOAttributes>
				<CreateNaaS>
					<ACCESSTYPE>roaming</ACCESSTYPE>
				</CreateNaaS>
			</MOAttributes>
		</Create>
		<Create>
			<MOAttributes>
				<CreateNaaS>
					<CORRELATIONID>1234</CORRELATIONID>
				</CreateNaaS>
			</MOAttributes>
		</Create>
		<Create>
			<MOAttributes>
				<CreateNaaS>
					<IMSI>019100101</IMSI>
				</CreateNaaS>
			</MOAttributes>
		</Create>
		<Create>
			<MOAttributes>
				<CreateNaaS>
					<INTERNATIONALROAMING>yes</INTERNATIONALROAMING>
				</CreateNaaS>
			</MOAttributes>
		</Create>
		<Create>
			<MOAttributes>
				<CreateNaaS>
					<MOBILEACCESSUUID>mobileid1323</MOBILEACCESSUUID>
				</CreateNaaS>
			</MOAttributes>
		</Create>
		<Create>
			<MOAttributes>
				<CreateNaaS>
					<MSISDN>901001001</MSISDN>
				</CreateNaaS>
			</MOAttributes>
		</Create>
		<Create>
			<MOAttributes>
				<CreateNaaS>
					<REQUESTTYPE>step</REQUESTTYPE>
				</CreateNaaS>
			</MOAttributes>
		</Create>
		<Create>
			<MOAttributes>
				<CreateNaaS>
					<SERVICEPROVIDERID>spid123</SERVICEPROVIDERID>
				</CreateNaaS>
			</MOAttributes>
		</Create>
		<Create>
			<MOAttributes>
				<CreateNaaS>
					<VOICEMAIL>
						<TYPE>hahh</TYPE>
					</VOICEMAIL>
				</CreateNaaS>
			</MOAttributes>
		</Create>
		<Create>
			<MOAttributes>
				<CreateNaaS>
					<CALLING>
						<CALLFORWARINGTIMER>yes</CALLFORWARINGTIMER>
					</CALLING>
				</CreateNaaS>
			</MOAttributes>
		</Create>
		<Create>
			<MOAttributes>
				<CreateNaaS>
					<CALLING>
						<CALLINGSERVICEPROFILE>calling</CALLINGSERVICEPROFILE>
					</CALLING>
				</CreateNaaS>
			</MOAttributes>
		</Create>
		<Create>
			<MOAttributes>
				<CreateNaaS>
					<CALLING>
						<CALLNUMBERDISPLAY>callrestriction</CALLNUMBERDISPLAY>
					</CALLING>
				</CreateNaaS>
			</MOAttributes>
		</Create>
		<Create>
			<MOAttributes>
				<CreateNaaS>
					<CALLING>
						<VIDEOCALLING>presentaion</VIDEOCALLING>
					</CALLING>
				</CreateNaaS>
			</MOAttributes>
		</Create>
		<Create>
			<MOAttributes>
				<CreateNaaS>
					<CALLING>
						<DEFAULTCALLBACKNOTIFICATION>allowed</DEFAULTCALLBACKNOTIFICATION>
					</CALLING>
				</CreateNaaS>
			</MOAttributes>
		</Create>
		<Create>
			<MOAttributes>
				<CreateNaaS>
					<CALLING>
						<IDDDIVERSIONALLOWED>diversion</IDDDIVERSIONALLOWED>
					</CALLING>
				</CreateNaaS>
			</MOAttributes>
		</Create>
		<Create>
			<MOAttributes>
				<CreateNaaS>
					<CALLING>
						<MULTIPARTYCONFERENCING>conferenencing</MULTIPARTYCONFERENCING>
					</CALLING>
				</CreateNaaS>
			</MOAttributes>
		</Create>
		<Create>
			<MOAttributes>
				<CreateNaaS>
					<CALLING>
						<RATINGCONTEXT>ratingcontext</RATINGCONTEXT>
					</CALLING>
				</CreateNaaS>
			</MOAttributes>
		</Create>
		<Create>
			<MOAttributes>
				<CreateNaaS>
					<CALLING>
						<VIDEOCALLING>yes</VIDEOCALLING>
					</CALLING>
				</CreateNaaS>
			</MOAttributes>
		</Create>
		<Create>
			<MOAttributes>
				<CreateNaaS>
					<CALLING>
						<CALLRESTRICTION>splay</CALLRESTRICTION>
					</CALLING>
				</CreateNaaS>
			</MOAttributes>
		</Create>
		<Create>
			<MOAttributes>
				<CreateNaaS>
					<DATA>
						<DATANAME>netpak</DATANAME>
					</DATA>
				</CreateNaaS>
			</MOAttributes>
		</Create>
		<Create>
			<MOAttributes>
				<CreateNaaS>
					<MESSAGING>
						<RCS>RCS</RCS>
					</MESSAGING>
				</CreateNaaS>
			</MOAttributes>
		</Create>
		<Create>
			<MOAttributes>
				<CreateNaaS>
					<MESSAGING>
						<RATINGCONTEXT>yeyyw</RATINGCONTEXT>
					</MESSAGING>
				</CreateNaaS>
			</MOAttributes>
		</Create>
	</soapenv:Body>
</soapenv:Envelope>